03c6699ea836decbc5c8fc2dbae7bd3b,697,20150901
03c6699ea836decbc5c8fc2dbae7bd3b,697,20150902
03c6699ea836decbc5c8fc2dbae7bd3b,697,20150903
03c6699ea836decbc5c8fc2dbae7bd3b,697,20150904
03c6699ea836decbc5c8fc2dbae7bd3b,856,20150905
03c6699ea836decbc5c8fc2dbae7bd3b,856,20150906
03c6699ea836decbc5c8fc2dbae7bd3b,697,20150907
03c6699ea836decbc5c8fc2dbae7bd3b,856,20150908
03c6699ea836decbc5c8fc2dbae7bd3b,697,20150909
03c6699ea836decbc5c8fc2dbae7bd3b,1093,20150910
03c6699ea836decbc5c8fc2dbae7bd3b,697,20150911
03c6699ea836decbc5c8fc2dbae7bd3b,1093,20150912
03c6699ea836decbc5c8fc2dbae7bd3b,1093,20150913
03c6699ea836decbc5c8fc2dbae7bd3b,1288,20150914
03c6699ea836decbc5c8fc2dbae7bd3b,697,20150915
03c6699ea836decbc5c8fc2dbae7bd3b,856,20150916
03c6699ea836decbc5c8fc2dbae7bd3b,1093,20150917
03c6699ea836decbc5c8fc2dbae7bd3b,1288,20150918
03c6699ea836decbc5c8fc2dbae7bd3b,856,20150919
03c6699ea836decbc5c8fc2dbae7bd3b,856,20150920
03c6699ea836decbc5c8fc2dbae7bd3b,856,20150921
03c6699ea836decbc5c8fc2dbae7bd3b,697,20150922
03c6699ea836decbc5c8fc2dbae7bd3b,697,20150923
03c6699ea836decbc5c8fc2dbae7bd3b,856,20150924
03c6699ea836decbc5c8fc2dbae7bd3b,1093,20150925
03c6699ea836decbc5c8fc2dbae7bd3b,697,20150926
03c6699ea836decbc5c8fc2dbae7bd3b,856,20150927
03c6699ea836decbc5c8fc2dbae7bd3b,1093,20150928
03c6699ea836decbc5c8fc2dbae7bd3b,1093,20150929
03c6699ea836decbc5c8fc2dbae7bd3b,1093,20150930
03c6699ea836decbc5c8fc2dbae7bd3b,1093,20151001
03c6699ea836decbc5c8fc2dbae7bd3b,697,20151002
03c6699ea836decbc5c8fc2dbae7bd3b,1093,20151003
03c6699ea836decbc5c8fc2dbae7bd3b,697,20151004
03c6699ea836decbc5c8fc2dbae7bd3b,1093,20151005
03c6699ea836decbc5c8fc2dbae7bd3b,1093,20151006
03c6699ea836decbc5c8fc2dbae7bd3b,1093,20151007
03c6699ea836decbc5c8fc2dbae7bd3b,856,20151008
03c6699ea836decbc5c8fc2dbae7bd3b,697,20151009
03c6699ea836decbc5c8fc2dbae7bd3b,697,20151010
03c6699ea836decbc5c8fc2dbae7bd3b,697,20151011
03c6699ea836decbc5c8fc2dbae7bd3b,697,20151012
03c6699ea836decbc5c8fc2dbae7bd3b,856,20151013
03c6699ea836decbc5c8fc2dbae7bd3b,856,20151014
03c6699ea836decbc5c8fc2dbae7bd3b,856,20151015
03c6699ea836decbc5c8fc2dbae7bd3b,1093,20151016
03c6699ea836decbc5c8fc2dbae7bd3b,856,20151017
03c6699ea836decbc5c8fc2dbae7bd3b,1093,20151018
03c6699ea836decbc5c8fc2dbae7bd3b,856,20151019
03c6699ea836decbc5c8fc2dbae7bd3b,697,20151020
03c6699ea836decbc5c8fc2dbae7bd3b,1093,20151021
03c6699ea836decbc5c8fc2dbae7bd3b,856,20151022
03c6699ea836decbc5c8fc2dbae7bd3b,1093,20151023
03c6699ea836decbc5c8fc2dbae7bd3b,697,20151024
03c6699ea836decbc5c8fc2dbae7bd3b,1093,20151025
03c6699ea836decbc5c8fc2dbae7bd3b,1093,20151026
03c6699ea836decbc5c8fc2dbae7bd3b,1093,20151027
03c6699ea836decbc5c8fc2dbae7bd3b,1093,20151028
03c6699ea836decbc5c8fc2dbae7bd3b,856,20151029
03c6699ea836decbc5c8fc2dbae7bd3b,856,20151030
